"RNN",
133.59375,
130.34775,
140.95811,
145.9791,
137.29572,
136.4479,
146.08693,
157.47992,
162.34811,
162.5047,
163.61569,
144.83374,
133.6151,
138.70093,
151.51782,
159.64587,
162.0792,
156.46349,
167.38344,
181.19621,
193.35231,
189.1525,
178.21358,
171.17685,
162.33557,
171.11679,
181.96707,
179.4592,
190.82372,
185.454,
191.25597,
207.08386,
223.53671,
224.74744,
203.2875,
197.52524,
187.01343,
190.07468,
198.58705,
194.00111,
208.86775,
226.52493,
227.22559,
254.56467,
244.80695,
245.77429,
235.1905,
222.14355,
198.51837,
205.4656,
219.70328,
220.06998,
219.51404,
225.43257,
229.80745,
260.50256,
277.42828,
283.9486,
245.53935,
224.87889,
203.61288,
206.85455,
228.46527,
232.15442,
238.67786,
250.85968,
267.34592,
296.55023,
314.67874,
315.99527,
278.79483,
250.54156,
235.60474,
236.82681
